id,fecha,medio,autor,titulo,texto,grupo_comparacion
1,2026-04-26,Infobae,Redacción,"No solo petróleo, gas y fertilizantes: la Guerra en Medio Oriente también disparó el precio mundial del pistacho","El 26 de febrero pasado se celebró el “Día mundial del Pistacho”. Dos días después, el 28, se inició la Guerra en Medio Oriente, que además de Israel enfrentó a los dos principales productores mundiales de este fruto seco que en los últimos años se puso de moda.
Estados Unidos es el principal productor mundial, con casi 713.000 toneladas producidas (principalmente en California) en el “año comercial” 2025/26, nada menos que 65% de la producción mundial, e Irán es el segundo, con unas 200.000 toneladas, un 13% del total. Es decir, dos de los tres protagonistas de la guerra explican el 83% de la producción global y un país cercano a la zona de conflicto, Turquía, produce otro 11%, estirando la proporción al 94 por ciento.
Más grave aún, el grueso del comercio mundial se realiza por el Estrecho de Ormuz, con lo cual la guerra provocó el mayor aumento del precio del pistacho en los últimos ocho años, tanto por la interrupción de los suministros como por la fuerte demanda, impulsada por el auge de productos como el chocolate de Dubái y otros alimentos elaborados a base de pistacho.
De hecho, la proporción iraní del comercio mundial, cerca de 30%, es aun mayor a su participación en la producción, mientras EEUU consume gran parte de lo que produce.
El precio del pistacho, precisó un artículo del Financial Times, llegó en marzo a su nivel más alto desde 2018, 4,57 dólares por libra, esto es,poco más de 10 dólares el kilo. Además, la cosecha de 2025 fue inferior a lo esperado en los principales países productores, incluida Irán, afectada por la sequía. Además, las exportaciones iraníes ya estaban limitadas por sanciones y conflictos internos, a lo que en la últimas semanas se sumaron los cortes de internet, que complican la coordinación con compradores internacionales.
El gráfico del precio del pistacho de FRED (sigla de Federal Reserve Economic Data), el seguimiento que realiza el Banco Central de EEUU, es contundente al respecto. Tras un largo período de estabilidad, casi una línea horizontal, los precios se dispararon con la guerra. Los compradores internacionales buscan alternativas de provisión, pero los exportadores de EEUU ya vendieron la mayor parte de su stock, con lo cual, de persistir el conflicto, los precios seguirían su escalada.
En la Argentina, en los últimos años el cultivo del pistacho se proyectó como un producto orientado a una demanda mundial en crecimiento. La brecha entre oferta y demanda provocó que los precios se duplicaran en varios mercados y generó interés por nuevos productores que pudieran abastecer a mercados con escasez. “El pistacho no es una moda, viene creciendo hace veinte años a un 6,5% anual. La oferta tiene una barrera de entrada muy alta, principalmente agroclimática, y es capital intensivo al inicio. Eso hace que la brecha entre demanda y producción se agrande año contra año, y para 2040 se estima un déficit estructural de 250.000 toneladas”, había señalado a Infobae, en el pasado día mundial del futo, Juan Ignacio Ponelli, dueño de Agrofides, “
En el país, el modelo adoptado en varios proyectos combina la plantación de hectáreas, infraestructura y administración profesionalizada por fideicomisos rurales, con costos por hectárea de unos 72.000 dólares incluyendo inversión inicial y gastos anuales.
El retorno no es inmediato, pues los cultivos empiezan a dar su fruto a partir del séptimo año, aunque llegado ese punto son muy gauchas, al punto de mantenerse productivas durante casi 50 años, aunque no de forma constante. Eso depende mucho de las condiciones climáticas.
El auge del pistacho en Argentina abarcó la gastronomía: heladerías, chocolaterías y pastelerías lo adoptaron como ingrediente en preparaciones dulces y saladas: el fruto dejó de ser exclusivo de nichos gourmet.
Además, posee buenas propiedades nutricionales: alto contenido de proteínas, grasas saludables y minerales, lo cual reforzó su posición como “producto funcional”, más allá de su sabor y textura.
Dónde se produce en la Argentina
En el país la superficie sembrada con pistacho aumentó fuertemente en los últimos años. San Juan lidera con unas 6.500 hectáreas, casi 90% de la superficie y la producción nacional y Mendoza la secunda con cerca de 770 hectáreas. La Rioja y La Pampa tienen áreas dispersas dedicadas al cultivo.
“Argentina creció aproximadamente 500% en superficie plantada en los últimos años, pero en proporciones mundiales sigue siendo muy pequeña. Eso nos da una posibilidad de crecimiento enorme y la oportunidad de reconvertir otros sectores, como la uva, que hoy está en crisis en varias regiones”, agregó Ponelli.
El pistacho fue así una oportunidad para la diversificación agrícola frente a cultivos tradicionales, en especial en regiones en que el clima limita otras producciones. Pero la Argentina aún no produce suficiente para abastecer toda la demanda local, aunque sí sería satisfecha cuando todo lo plantado en los últimos años entre en producción. Además, la Argentina ya exporta pistacho, aunque todavía menos delo que importa del producto.",infobae
2,2026-04-27,Infobae,Redacción,Trump dijo que no tiene prisa en negociar con Irán y aseguró que la estrategia de máxima presión ha debilitado al régimen,"La administración de Donald Trump ha decidido convertir el factor tiempo en su principal herramienta de coacción geopolítica frente a Irán. En una entrevista concedida este domingo a la cadena Fox News, el mandatario estadounidense fue taxativo al asegurar que no siente “ninguna prisa” por alcanzar un nuevo acuerdo con Teherán.
El mandatario estadounidense apuntó que el tiempo juega a favor de Washington. Trump destacó que, aunque los canales de comunicación permanecen abiertos a través de aliados como Pakistán, no siente la urgencia de sentarse a la mesa de negociación de manera inmediata.
El presidente reiteró que su objetivo primordial sigue siendo evitar que Teherán desarrolle armamento atómico, calificando esta posibilidad como una amenaza existencial para la estabilidad global.
“No se puede permitir que Irán posea armas nucleares bajo ninguna circunstancia. Usarían esas armas y pondrían en peligro a Israel, a Europa y a los propios Estados Unidos. Estamos haciendo un servicio al mundo al evitarlo”, sentenció.
La entrevista también sirvió para que el mandatario expresara su descontento con los aliados europeos y la OTAN, a quienes acusó de no haber brindado el apoyo necesario en la contención del régimen iraní, a pesar de los “billones de dólares” que EEUU invierte en la protección de Europa frente a Rusia.
Por su parte, el portavoz del Comando General Central de Khatam al-Anbia, Ebrahim Zolfaghari, amenazó con lanzar “la mayor lluvia de misiles de la historia” en caso de una agresión contra Irán en medio del alto al fuego con Estados Unidos e Israel.
El vocero castrense señaló que las fuerzas armadas del régimen iraní están preparadas para responder con mayor contundencia a sus enemigos. La comandancia militar reafirmó su disposición para una defensa total, mientras el país avanza hacia una disuasión absoluta que impida futuras agresiones a la seguridad del país persa.
En este sentido, el portavoz del Ministerio de Defensa de Irán, general Reza Talai-Nik, aseguró que Irán fabrica a nivel nacional más de 1.000 tipos de armas, incluidos misiles, drones y sistemas militares ante una posible escalada en caso de no alcanzar nuevos acuerdos con la administración del presidente estadounidense Donald Trump.
“Hoy en día, más de 1.000 tipos de armas… se producen íntegramente en el país”, detalló y agregó que esta capacidad es fruto de más de 25 años de inversión en el sector de defensa.
Talaei-Nik explicó que la producción armamentística está distribuida en distintas regiones de Irán, lo que permite mantenerla activa incluso si algunas instalaciones sufren daños, y remarcó que cerca de 9.000 empresas participan en el apoyo a la industria de defensa nacional.
En medio de las amenazas y las negociaciones en Pakistán, Teherán mantiene un cerco naval en el estrecho de Ormuz, el cual no deja transitar a buques petroleros o portacontenedores, mientras Washington sostiene un bloqueo a los puertos iraníes con un despliegue militar en el Mar Arábigo.
Sin embargo, el régimen redobló la apuesta y realizó un balance sobre la denominada “tercera guerra estadounidense-israelí”, señalando que el país consolidó siete logros fundamentales tras 40 días de enfrentamientos directos y 15 días de cese de hostilidades.
Talai-Nik afirmó que una parte considerable de la capacidad misilística iraní no fue utilizada tras 55 días de conflicto y aseguró que Irán mantuvo el dominio aéreo sobre los territorios ocupados hasta el inicio del alto el fuego.",infobae
3,2026-04-26,Infobae,Redacción,El canciller iraní viaja a Moscú para reunirse con Putin en medio de la parálisis del diálogo con Estados Unidos,"El ministro de Relaciones Exteriores de Irán, Abbas Araghchi, partió este domingo rumbo a Moscú para un encuentro con el presidente Vladimir Putin, tras una serie de reuniones en Pakistán y Omán orientadas a reactivar el diálogo entre Teherán y Washington.
La visita se produce en medio de un intenso despliegue diplomático de países mediadores y en un contexto marcado por la ausencia de avances concretos en las conversaciones bilaterales.
Araghchi regresó a Pakistán menos de un día después de su paso por Islamabad, donde mantuvo contactos con autoridades locales y posteriormente viajó a Omán antes de dirigirse a Rusia.
El embajador iraní en Moscú, Kazem Jalali, confirmó la reunión programada entre el canciller y Putin, mientras que el Ministerio de Exteriores ruso validó la visita sin ofrecer detalles sobre la agenda.
Aunque las gestiones diplomáticas continúan activas, no existen señales de una reanudación inmediata de las negociaciones directas entre Irán y Estados Unidos. El primer ciclo de conversaciones, celebrado en Islamabad hace dos semanas, coincidió con la entrada en vigor de un alto el fuego el 8 de abril, que hasta el momento se ha sostenido pese a la tensión persistente.
El conflicto en Medio Oriente sigue impactando la economía global, principalmente debido a la decisión de Irán de bloquear el estrecho de Ormuz como medida de presión. Esta acción ha restringido el paso de petróleo, gas natural y fertilizantes, provocando una escalada de los precios energéticos y generando preocupación entre gobiernos y mercados internacionales.
Antes de la reciente ronda de contactos entre Irán y Pakistán, la Casa Blanca había anunciado el viaje de los enviados del presidente estadounidense Donald Trump, Steve Witkoff y Jared Kushner, a Islamabad para continuar las negociaciones. Sin embargo, Trump canceló el viaje a último momento, señalando que cualquier diálogo podría desarrollarse por teléfono.
“Tenemos todas las cartas. Si quieren hablar, pueden venir a vernos o llamarnos; ya saben que hay un teléfono, tenemos buenas líneas seguras”, dijo
Según la agencia iraní FARS, Teherán envió a través de Pakistán mensajes escritos a Estados Unidos en los que reafirma sus “líneas rojas”, entre las que figuran el programa nuclear y el control sobre el estrecho de Ormuz. La agencia estatal ISNA también reportó que la visita de Araghchi a Moscú tiene como objetivo principal una reunión con Putin para analizar la estrategia regional y coordinar la respuesta al bloqueo naval estadounidense.
La presión de Washington, que ha impuesto un bloqueo a los puertos iraníes como represalia, ha sido respondida por Irán con una postura firme. Los Guardianes de la Revolución declararon que “controlar el estrecho de Ormuz y mantener su efecto disuasorio sobre Estados Unidos y sus aliados es la estrategia definitiva del Irán islámico”.
En paralelo, Trump enfrenta presión doméstica por el aumento de los precios de la gasolina vinculado al conflicto en el Golfo y la interrupción del comercio internacional de energía. A esta situación se suma la conmoción en Washington tras la detención de un hombre armado durante la cena de la Asociación de Corresponsales de la Casa Blanca, lo que ha elevado la tensión política y la percepción de inseguridad.
El primer ministro israelí, Benjamin Netanyahu, ordenó nuevos ataques contra posiciones de Hezbollah, acusando al grupo de violar la tregua alcanzada el 17 de abril, que había sido prorrogada.
“Las violaciones de Hezbollah están, en la práctica, desmantelando el alto el fuego”, afirmó Netanyahu. El grupo chiita respondió que continuará actuando ante lo que considera incumplimientos israelíes y la ocupación del sur de Líbano.
El ejército israelí mantuvo los bombardeos en la región, ordenando la evacuación de siete aldeas y reportando nuevas víctimas civiles y militares.
El Ministerio de Salud libanés elevó a 2.509 el número de fallecidos desde el inicio de la ofensiva israelí el 2 de marzo, tras el ataque lanzado por Hezbollah. Mientras tanto, el flujo de desplazados hacia el norte del país sigue en aumento, con testimonios de atascos y escenas de éxodo masivo tras las alertas de evacuación.
(Con información de AFP)",infobae
4,2026-04-26,Infobae,Redacción,Las negociaciones en Pakistán están en suspenso mientras Irán abandona Islamabad y los enviados de Trump no se presentan,"Los intentos de entablar conversaciones de alto el fuego entre Estados Unidos e Irán fracasaron después de que el principal diplomático de Teherán abandonara Pakistán y los enviados del presidente Donald Trump se mantuvieran alejados tras la orden de este de no viajar a Islamabad.
El presidente estadounidense indicó que ahora la pelota estaba en el tejado de Irán.
“Si quieren hablar, ¡solo tienen que llamar!”, dijo Trump en las redes sociales.
Las negociaciones tenían como resultado de las históricas conversaciones cara a cara que mantuvieron a principios de este mes Estados Unidos, encabezado por el vicepresidente JD Vance, e Irán, encabezado por el presidente del Parlamento, Mohammad Bagher Qalibaf.
Pero los funcionarios iraníes cuestionaron cómo pueden confiar en Estados Unidos después de que sus fuerzas comenzaran a bloquear los puertos iraníes en respuesta al control que Irán ejerce sobre el estrecho de Ormuz .
El ministro de Asuntos Exteriores de Irán, Abbas Araghchi, abandonó Islamabad, la capital de Pakistán, el sábado por la noche, según informaron a Associated Press dos funcionarios paquistaníes, que hablaron bajo condición de anonimato porque no estaban autorizados a hablar con los medios de comunicación.
Araghchi viajó a Omán, al otro lado del estrecho de Ormuz, un país que en el pasado había mediado en conversaciones de paz. Según informó la agencia estatal iraní IRNA, Araghchi anunció que regresaría a Pakistán el domingo antes de dirigirse a Rusia.
“Comparto la postura de Irán respecto a un marco viable para poner fin de forma permanente a la guerra contra Irán. Aún está por verse si Estados Unidos se toma en serio la diplomacia”, declaró Araghchi en las redes sociales sobre sus conversaciones en Pakistán acerca de lo que él denominó las líneas rojas de Irán para las negociaciones.
Mientras tanto, otro alto el fuego —entre Israel y el grupo terrorista Hezbollah, respaldado por Irán— se vio quebrantado el sábado cuando ambas partes abrieron fuego contra la otra y el primer ministro israelí, Benjamin Netanyahu, ordenó al ejército que “atacara enérgicamente los objetivos de Hezbollah en el Líbano”.
Irán había dicho que cualquier conversación sería indirecta
La semana pasada, Trump anunció una prórroga indefinida del alto el fuego con Irán. Si bien esto ha paralizado la mayor parte de los combates, las repercusiones económicas son cada vez mayores, dos meses después del inicio de la guerra, ya que los envíos mundiales de petróleo, gas natural licuado, fertilizantes y otros suministros se ven interrumpidos por el casi cierre del estrecho de Ormuz.
Ambas partes han continuado profiriendo amenazas militares. El mando militar conjunto de Irán advirtió el sábado que “si Estados Unidos prosigue con sus acciones militares agresivas, incluidos los bloqueos navales, el bandidaje y la piratería”, se enfrentará a una “fuerte respuesta”.
Incluso antes de los acontecimientos del sábado, el Ministerio de Asuntos Exteriores de Irán afirmó que cualquier conversación sería indirecta y que los funcionarios paquistaníes actuarían como intermediarios.
Posteriormente, Trump declaró a los periodistas que, apenas diez minutos después de cancelar el viaje a Pakistán de sus enviados —Steve Witkoff y Jared Kushner—, Irán había enviado una propuesta “mucho mejor”. No dio más detalles, pero recalcó que una de sus condiciones era que Irán “no tuviera armas nucleares”.
Entre los puntos polémicos de las conversaciones también figuran el uranio enriquecido de Irán y el conflicto en el estrecho de Ormuz, así como la preocupación por el programa de misiles iraní y su apoyo a grupos armados afines en la región.
Teherán señaló que las conversaciones indirectas con Estados Unidos el año pasado y a principios de este año sobre su programa nuclear, un tema que lleva mucho tiempo en el centro de las tensiones, terminaron con ataques de Estados Unidos e Israel contra Irán, lo que aumentó su recelo.
El enfrentamiento en torno al estrecho continúa
El precio del crudo Brent, el estándar internacional, es casi un 50% más alto que cuando comenzó la guerra debido al control que ejerce Irán sobre el estrecho, por donde transita una quinta parte del petróleo mundial en tiempos de paz.
Irán atacó tres barcos la semana pasada, mientras que Estados Unidos mantiene un bloqueo a los puertos iraníes. Trump ordenó al ejército que disparara a matar a las pequeñas embarcaciones que pudieran estar colocando minas .
También el sábado, Irán reanudó los vuelos comerciales desde el aeropuerto internacional de Teherán por primera vez desde que comenzó la guerra con los ataques estadounidenses e israelíes del 28 de febrero. Según la televisión estatal, los vuelos tenían previsto partir hacia Estambul, la capital de Omán, Mascate, y la ciudad saudí de Medina.
Un número creciente de víctimas incluso mientras se mantienen los altos el fuego
Desde que comenzó la guerra, al menos 3375 personas han muerto en Irán y al menos 2496 en Líbano, donde los combates entre Israel y Hezbollah se reanudaron dos días después del inicio de la guerra con Irán. Además, 23 personas han muerto en Israel y más de una docena en los estados árabes del Golfo. Quince soldados israelíes en Líbano, 13 militares estadounidenses en la región y seis cascos azules de la ONU en el sur de Líbano han fallecido.
Trump anunció el jueves que Israel y Líbano habían acordado extender el alto el fuego entre Israel y Hezbollah por tres semanas. Hezbollah no ha participado en la diplomacia mediada por Washington.
Pero Israel atacó el sur del Líbano el sábado, matando al menos a seis personas que, según afirmó, eran militantes de Hezbollah, y lanzó varios cohetes y drones contra Israel desde el Líbano.
(Associated Press)",infobae
5,2026-03-30,Infobae,Redacción,"La Casa Blanca afirma que EEUU ""no necesita ayuda de España ni de nadie más"" en la guerra contra Irán","Las medidas adoptadas recientemente por el Gobierno español han impedido que aviones implicados en la operación 'Furia Épica' utilicen tanto las bases de Rota y Morón como el espacio aéreo de España en relación con el conflicto en Irán. Según informó Europa Press, la ministra de Defensa Margarita Robles declaró que estas restricciones fueron comunicadas de manera directa y clara a las autoridades estadounidenses desde el inicio de la operación. A partir de estos hechos, la Casa Blanca sostuvo que Estados Unidos está cumpliendo o superando sus objetivos militares en el marco de la misión lanzada junto a Israel y que no precisa colaboración de España ni de ningún otro país.
De acuerdo con Europa Press, fuentes oficiales de la Casa Blanca afirmaron este lunes que la Administración Trump ""no necesita ayuda de España ni de nadie más"" para avanzar con sus acciones militares en la llamada operación 'Furia Épica'. El medio detalló que estas declaraciones se produjeron después de que el Gobierno español cerrara el espacio aéreo y las instalaciones militares utilizadas habitualmente por Estados Unidos en territorio nacional ante lo que definió Robles como una guerra ""profundamente ilegal e injusta"".
La ministra subrayó en sus declaraciones recogidas por Europa Press que la negativa española se trasladó desde el primer momento tanto a la parte estadounidense como a las fuerzas armadas de ese país. El Gobierno de España decidió no autorizar la utilización de sus bases ni el tránsito por su espacio aéreo para ninguna acción vinculada al conflicto en Irán. Robles recalcó que la postura se mantuvo invariable: ""ni se autorizan las bases, ni por supuesto se autoriza la utilización del espacio aéreo español para actuaciones que tengan que ver con la guerra en Irán"".
Europa Press consignó que, pese al cierre de las rutas militares sobre territorio español y la clausura de las facilidades en Rota y Morón, el ejecutivo estadounidense aseguró que las fuerzas armadas mantienen su capacidad de alcanzar los objetivos planteados en la región de Oriente Medio. Las fuentes de la Casa Blanca aludieron específicamente al progreso logrado en la operación conjunta con Israel y descartaron la necesidad de apoyo externo para continuar con sus acciones.
La decisión española, informada tanto públicamente como en vías diplomáticas, forma parte de una respuesta inédita frente a operaciones militares internacionales impulsadas por Washington en las últimas décadas. Rota y Morón, bases estratégicas dentro de la colaboración bilateral entre España y Estados Unidos, permanecen así fuera de uso para cualquier actividad relacionada con la ofensiva militar en Irán.
La operación 'Furia Épica', señalada por Europa Press como el nombre de la acción liderada por Estados Unidos e Israel, se refiere a los actuales ataques u operaciones desarrollados contra objetivos en Irán. Si bien Estados Unidos ha recurrido en ocasiones anteriores a infraestructura europea para dar soporte logístico a su actividad militar en Oriente Medio, esta vez las autoridades estadounidenses recalcaron su suficiencia logística propia.
Europa Press destacó que la respuesta americana busca subrayar la autonomía de acción de sus fuerzas, aún en ausencia de colaboración europea o española específicamente. A su vez, la administración Trump defendió que el despliegue actual y el desarrollo de la campaña militar no se ven afectados por la postura del Gobierno español de limitar el uso de sus recursos territoriales y aéreos.
La posición de España responde a cuestionamientos legales y éticos sobre la legitimidad de la operación 'Furia Épica'. En palabras de Robles, el Gobierno español considera que la intervención militar “es profundamente ilegal e injusta”, lo que motivó la adopción de medidas restrictivas inmediatas. La ministra enfatizó que la decisión fue notificada a las instituciones estadounidenses de forma inequívoca y sin margen para interpretaciones.
Según la información publicada por Europa Press, la coordinación entre Estados Unidos e Israel dentro de la citada operación continúa al margen de la negativa española. Las fuentes americanas reiteraron que los resultados alcanzados por sus fuerzas corroboran la efectividad de sus capacidades sin necesidad de apoyos adicionales de países aliados, remarcando que las metas operativas establecidas en el conflicto se mantienen o han sido superadas.
España y Estados Unidos mantienen desde hace décadas un acuerdo bilateral que regula la utilización de las bases de Rota y Morón, utilizadas tanto por fuerzas estadounidenses como por el escudo antimisiles de la OTAN y otros despliegues logísticos en la región. No obstante, el Gobierno español hizo excepciones en esta ocasión, bloqueando todo uso vinculado a la intervención contra Irán, lo que introduce un nuevo precedente en la política de colaboración militar bilateral, según consignó Europa Press.
En el escenario internacional, la decisión de España ha sido vista, según lo consignó el medio, como una declaración política de distancia respecto a la estrategia militar estadounidense y un refuerzo del principio de no intervención ante acciones que no cuenten con consenso internacional. La Casa Blanca, por su parte, mantiene la postura de que las operaciones militares actuales no dependen de la disponibilidad de respaldos o rutas logísticas españolas ni europeas, dado el alcance y los medios propios de sus fuerzas armadas desplegadas en la zona de conflicto.",infobae
6,2026-04-26,La Nación,Redacción,"Día 59 de la guerra entre Estados Unidos, Israel e Irán: todo lo que hay que saber","El reporte de la jornada para entender la ofensiva militar, las represalias y el creciente temor a una expansión del enfrentamiento
- 4 minutos de lectura'
El conflicto en Medio Oriente entró este lunes 27 de abril en su 59° día de guerra. Crecen las expectativas por la realización de una segunda ronda de negociaciones, pese a que Donald Trump señaló que sus representantes ya no volverán a Pakistán. En tanto, el Líbano acusó ataques de Israel que dejaron 14 muertos.
Estas son las claves para entender qué está pasando y por qué preocupa al mundo.
Cuáles son las principales noticias del conflicto hoy
- Trump desafía a Irán a negociar mientras su canciller viaja a Moscú para reunirse con Putin.
- El Líbano denunció que ataques de Israel en el sur del país dejaron 14 muertos.
- Según el Ministerio de Salud libanés, al menos 2500 personas murieron por los ataques de Israel.
- Papa León afirma que quienes hacen la guerra son ladrones que nos roban nuestro futuro pacífico.
- Autoridades palestinas consideran un éxito las elecciones locales en Gaza y Cisjordania
Otros hechos de importancia
- El ministro de Asuntos Exteriores de Irán, Abbas Araghchi, regresará a Pakistán después de visitar Omán.
- Estados Unidos anunció que no renovará exenciones petroleras a Irán y Rusia.
- Benajmin Netanyahu, el primer ministro de Israel, fue tratado por cáncer de próstata.
- Murieron dos personas en ataque de EE.UU. a embarcación en el Pacífico oriental.
- El Tesoro de Estados Unidos congeló US$344 millones en criptomonedas vinculadas a Irán.
Por qué Estados Unidos e Israel atacaron a Irán
- Ocho meses después del conflicto de 12 días entre Irán e Israel en junio de 2025, Estados Unidos e Israel lanzaron el sábado 28 de febrero una ofensiva de gran escala contra objetivos en todo Irán, incluidos puntos sensibles en Teherán y áreas vinculadas al líder supremo, el ayatollah Ali Khamenei.
- Objetivo: “Tomar el control del gobierno”. Trump justificó la ofensiva al afirmar que están en marcha “importantes operaciones de combate en Irán” y exhortó directamente a la población a rebelarse contra el régimen. “Cuando hayamos terminado, tomen el control de su gobierno. Será suyo. Esta será probablemente su única oportunidad durante generaciones”, dijo en un video difundido en redes sociales.
- Estados Unidos hizo la mayor movilización militar desde la invasión a Irak en 2003 para cercar a Irán.
- Un país de fuerte influencia. Irán es central en la geopolítica por su ubicación estratégica en el estrecho de Ormuz, vital para el petróleo mundial, su red de milicias chiitas y aliados que proyectan poder en Medio Oriente, su programa nuclear y sus vínculos con potencias como China, Rusia y Corea del Norte.
- En Irán, el poder se organiza alrededor del Líder Supremo, la máxima autoridad política y religiosa del país, con control directo sobre las Fuerzas Armadas, el poder judicial y el Consejo de Guardianes.
- Tras la muerte del ayatollah Ali Khamenei, que ocupó ese cargo durante más de tres décadas, quedó vacante el centro del sistema y abrió una etapa de transición inédita desde la Revolución Islámica de 1979. El presidente administra el gobierno, pero siempre bajo la supervisión del líder supremo, mientras que el Consejo de Guardianes controla las leyes y la elegibilidad de los candidatos, preservando el delicado equilibrio entre teocracia y estructura republicana.
- Mojtaba Khamenei, hijo del anterior ayatollah, fue proclamado nuevo líder supremo de Irán, y reapareció públicamente con una serie de mensajes en X, mientras sigue el misterio sobre su paradero y crecen versiones sobre su estado de salud. Difundió una secuencia de publicaciones con un tono religioso, solemne y desafiante, centradas en la muerte del influyente dirigente Ali Larijani, a que Israel abatió durante una ola de bombardeos en Teherán.
LA NACION
Más leídas de El Mundo
- 1
Cómo las zonas prohibidas de Chernóbil y entre las dos Coreas se convirtieron en un santuario de la vida silvestre
- 2
Trump cancela a último momento el viaje a Pakistán tras el desplante de Irán: “No vamos a hablar de la nada”
- 3
Estados Unidos planta bandera en Brasil y disputa con China el control de minerales clave
- 4
Un ataque bomba deja 14 muertos y expone la escalada de violencia en la antesala electoral en Colombia",lanacion
7,2026-04-24,La Nación,Redacción,Cómo la guerra en Irán pasó de los bombardeos a una prueba de voluntades,"Cómo la guerra en Irán pasó de los bombardeos a una prueba de voluntades
El conflicto deriva en un pulso volátil en el estrecho de Ormuz, con costos económicos en alza y presión política creciente para Donald Trump
- 6 minutos de lectura'
WASHINGTON.- El jueves por la mañana, hora de Washington, un alto funcionario iraní escribió en X que los combatientes del país estaban ocultos en cuevas marinas cerca del estrecho de Ormuz, preparándose para “devastar a los agresores”.
Dieciocho minutos después, el presidente de Estados Unidos, Donald Trump, publicó en Truth Social: “He ordenado a la Armada de Estados Unidos que dispare y mate a cualquier embarcación” que esté “colocando minas en las aguas del estrecho de Ormuz”.
La guerra de Trump contra Irán, interrumpida por un alto el fuego que esta semana extendió de manera indefinida, pasó de un bombardeo total a un pulso volátil y costoso en la boca del golfo Pérsico.
Ninguna de las dos partes parece ansiosa por volver a la violencia que atrapó a gran parte de Medio Oriente antes del alto el fuego del 7 de abril, aunque ambas insisten en que están preparadas para hacerlo. Y ninguna muestra señales de ceder ante las demandas del otro. El resultado es una sucesión de provocaciones, amenazas e incidentes marítimos, con gran parte de la tensión trasladada a las redes sociales, mientras los costos económicos se acumulan y Trump enfrenta un creciente costo político interno.
Suzanne Maloney, especialista en Irán y vicepresidenta de la Brookings Institution en Washington, dijo que había supuesto que un acuerdo diplomático resolvería rápidamente el enfrentamiento, dado el costo económico y estratégico para Estados Unidos de que el estrecho de Ormuz permanezca cerrado. Pero ahora ajusta sus expectativas ante la determinación de Irán de mantener el control del paso como herramienta de presión y el dilema estratégico en el que se encuentra Trump.
“Está atrapado en esto mientras el estrecho siga cerrado”, dijo Maloney. “La velocidad con la que esto se convirtió en un pantano para Estados Unidos también ha sido bastante sorprendente”.
Trump insistió el jueves en que tiene “todo el tiempo del mundo, pero Irán no”, en el pulso por el estrecho. También difundió una columna del comentarista Marc A. Thiessen, quien sostuvo que debería darle a Irán 72 horas antes de reanudar las hostilidades y abrir por la fuerza el estrecho de Ormuz.
“Si no quieren llegar a un acuerdo, lo resolveré militarmente”, dijo Trump a los periodistas en la Casa Blanca.
Pero en la práctica, el presidente enfrenta una serie de malas opciones, según los expertos. El bloqueo estadounidense al transporte iraní en el estrecho —combinado con el contraataque iraní sobre otras embarcaciones— sigue presionando a los mercados globales de energía y materias primas, con el riesgo de impulsar aún más la inflación en Estados Unidos, en un contexto en el que el Partido Republicano afronta unas elecciones legislativas exigentes.
Irán parece decidido a arrancarle concesiones a Trump —como el alivio de sanciones y un compromiso sobre su programa nuclear— antes de aceptar una salida diplomática. Según Maloney, todo indica que los líderes iraníes creen que su tolerancia al dolor económico es mayor que la de Trump.
Buscar una solución militar podría ser aún más costoso para Estados Unidos. Los ataques aéreos por sí solos difícilmente dañen lo suficiente al aparato militar iraní como para impedirle responder, señaló Seth G. Jones, presidente del área de defensa y seguridad del Center for Strategic and International Studies. Reabrir el estrecho por la fuerza es posible, pero implicaría el riesgo de que grandes buques de guerra estadounidenses sean hundidos y de que “marines o soldados del Ejército tengan que tomar una isla o una costa y mueran en el intento”.
Trump también enfrenta el dilema de qué hacer con las 970 libras de uranio altamente enriquecido de Irán, cantidad que podría alcanzar para una docena de bombas nucleares. El mandatario reiteró que está decidido a impedir esa capacidad, y advirtió que la alternativa podría ser un “holocausto nuclear” en ciudades europeas al alcance de los misiles iraníes.
Irán también enfrenta decisiones difíciles. Sus ataques contra bases estadounidenses y contra países árabes del golfo Pérsico resultaron efectivos para que Trump declarara el alto el fuego. Pero, según Jones, lograr más mediante la fuerza será complicado, sobre todo teniendo en cuenta el bloqueo y los daños ya sufridos por su aparato militar.
“Es una especie de juego de gallina en este momento”, dijo Jones. Tanto en Washington como en Teherán, agregó, los mandos militares probablemente advierten a los líderes políticos que “la herramienta militar difícilmente permita alcanzar una solución permanente”.
Dado el estancamiento militar y el costo económico para ambas partes, una salida negociada aparece como la opción más lógica, coincidieron Jones y otros analistas. Sin embargo, la tensión en el estrecho de Ormuz puede escalar rápidamente, ya que tanto Irán como Estados Unidos buscan demostrar firmeza en ese angosto paso marítimo mientras mantienen abiertas las vías diplomáticas.
“No es una situación de equilibrio”, dijo Brian Katulis, investigador del Middle East Institute, en alusión al contraste entre los esfuerzos diplomáticos y la “prueba de voluntad” en el mar.
El miércoles, Irán difundió un video en el que su Guardia Revolucionaria intercepta dos buques de carga cerca del estrecho, con fuerzas encapuchadas abordando uno de ellos por una escalera. El jueves, el ejército estadounidense publicó su propio video, mostrando a efectivos de la Armada descendiendo desde helicópteros sobre un petrolero que, según afirmó, transportaba petróleo iraní en el océano Índico.
Al mismo tiempo, Trump afirmó que quiere dar una oportunidad a la diplomacia. Al referirse a la extensión del alto el fuego esta semana, dijo que Irán tiene dificultades para negociar porque “está muy desorganizado en este momento”.
“Quieren llegar a un acuerdo”, afirmó. “Pensamos darles un poco de tiempo para que resuelvan parte de su caos”.
Ante una consulta, Trump señaló que los estadounidenses deberán esperar “un poco más” antes de ver una baja en los precios de la gasolina.
El mundo intenta anticipar cuánto durará esa espera. Un enfrentamiento prolongado entre Estados Unidos e Irán implica riesgos enormes, dado el volumen de bienes críticos —no solo petróleo y gas natural, sino también fertilizantes y helio— que normalmente atraviesan el estrecho de Ormuz.
Fatih Birol, director ejecutivo de la International Energy Agency, advirtió que la crisis se agrava día a día.
“Cuanto más dure, más tiempo necesitaremos para volver a la situación previa a la guerra”, dijo.
Cliff Kupchan, presidente emérito de Eurasia Group, señaló que el riesgo de un cierre del estrecho durante meses recién comienza a “instalarse en la mente colectiva de los mercados”.
“Es un escenario que los analistas políticos y los mercados necesitan empezar a asimilar mejor”, advirtió. “Estamos en territorio desconocido”.
- 1
Cómo las zonas prohibidas de Chernóbil y entre las dos Coreas se convirtieron en un santuario de la vida silvestre
- 2
Trump cancela a último momento el viaje a Pakistán tras el desplante de Irán: “No vamos a hablar de la nada”
- 3
Estados Unidos planta bandera en Brasil y disputa con China el control de minerales clave
- 4
Un ataque bomba deja 14 muertos y expone la escalada de violencia en la antesala electoral en Colombia",lanacion
8,2026-04-26,La Nación,Redacción,Trump desafía a Irán a negociar mientras su canciller viaja a Moscú para reunirse con Putin,"Trump desafía a Irán a negociar mientras su canciller viaja a Moscú para reunirse con Putin
El presidente estadounidense asegura que Teherán “puede llamar” para cerrar un acuerdo, mientras el jefe de la diplomacia iraní intensifica gestiones con mediadores y busca respaldo en Rusia en medio de una guerra sin resolución
- 5 minutos de lectura'
ISLAMABAD.– El presidente de Estados Unidos, Donald Trump, afirmó este domingo que Irán puede “llamar por teléfono” si desea negociar el fin de la guerra que ambos países mantienen hace casi dos meses, y subrayó que Teherán no puede poseer armas nucleares, en un contexto de estancamiento diplomático y tensiones persistentes. Mientras tanto, el ministro de Relaciones Exteriores iraní, Abbas Araqchi, regresó a Pakistán para mantener conversaciones pese a la ausencia de representantes estadounidenses.
“Si quieren hablar, pueden venir a nosotros o pueden llamarnos. Ya saben, existe el teléfono. Tenemos líneas seguras y confiables”, dijo Trump en el programa “The Sunday Briefing” de Fox News. “Ellos saben qué debe incluir el acuerdo. Es muy simple: no pueden tener un arma nuclear, de lo contrario no hay razón para reunirse”, agregó.
🚨 JUST NOW: President Trump tells Iran NO MORE GAMES, they can CALL if they want a deal
— Eric Daugherty (@EricLDaugh) April 26, 2026
“We have all the cards. If they want to talk, they can call us!”
“We're not sending people to travel 18 hours. We're gonna do it by telephone!” 🔥 pic.twitter.com/Kr78yDlHR4
Irán ha exigido durante mucho tiempo que Washington reconozca su derecho a enriquecer uranio, algo que Teherán afirma que busca únicamente con fines pacíficos, pero que las potencias occidentales consideran orientado al desarrollo de armas nucleares.
Mientras tanto, el ministro de Relaciones Exteriores iraní, Abbas Araqchi, intensificó sus gestiones diplomáticas y regresó a Pakistán para mantener conversaciones, pese a la ausencia de representantes estadounidenses. Luego de esa escala, el canciller partió hacia Moscú, donde tiene previsto reunirse con el presidente ruso, Vladimir Putin, en busca de respaldo político en medio del conflicto.
Las posibilidades de reactivar negociaciones directas se redujeron el sábado, cuando Trump canceló una visita a Islamabad de sus enviados Steve Witkoff y Jared Kushner, argumentando costos elevados y una propuesta iraní insuficiente. “Ofrecieron mucho, pero no lo suficiente”, sostuvo el mandatario.
El conflicto, que comenzó el 28 de febrero con ataques de Estados Unidos e Israel contra Irán, se encuentra actualmente bajo un frágil alto el fuego que detuvo los combates a gran escala, aunque sin avances hacia un acuerdo definitivo. La guerra ya dejó miles de muertos, impulsó el aumento de los precios del petróleo, alimentó la inflación y deterioró las perspectivas de crecimiento global.
En este escenario, Irán reclama el levantamiento del bloqueo marítimo impuesto por Estados Unidos como condición previa para cualquier negociación.
El presidente iraní, Masoud Pezeshkian, reiteró esa posición en una conversación con el primer ministro de Pakistán, Shehbaz Sharif, al afirmar que Teherán no aceptará “negociaciones impuestas” bajo amenazas o sanciones.
La disputa también se extiende al estratégico estrecho de Ormuz, una vía clave por donde circula cerca de una quinta parte del petróleo mundial. Teherán ha restringido en gran medida el tránsito en esa zona, mientras que Washington respondió con un bloqueo a los puertos iraníes, lo que elevó la presión económica y geopolítica.
En sus recientes gestiones, Araqchi mantuvo conversaciones en Omán con el sultán Haitham bin Tariq al-Said, donde abordó la seguridad en el estrecho y propuso un esquema regional sin interferencias externas. Según la agencia semioficial iraní Tasnim, en Pakistán también discutió posibles compensaciones, garantías contra nuevas agresiones y un nuevo marco legal para la vía marítima, aunque sin incluir el programa nuclear en esa agenda.
Las diferencias entre Washington y Teherán van más allá del plano nuclear. Trump busca limitar el apoyo iraní a aliados regionales como Hezbollah en el Líbano y Hamas en Gaza, además de restringir su capacidad de desarrollar misiles balísticos. Irán, en cambio, exige el levantamiento de sanciones y el fin de los ataques israelíes contra sus aliados.
En el plano interno, Trump enfrenta presiones para poner fin a un conflicto impopular, en medio de una caída en sus niveles de aprobación. Aun así, el mandatario endureció su postura y aseguró que Estados Unidos tiene ventaja en la negociación. “Tenemos todas las cartas”, insistió.
Los intentos previos de diálogo tampoco lograron avances. A comienzos de abril, en Islamabad, el vicepresidente estadounidense, JD Vance, encabezó una delegación que mantuvo conversaciones con el presidente del Parlamento iraní, Mohammad Baqer Qalibaf, pero las negociaciones concluyeron sin acuerdo.
Tras la cancelación de la última ronda, dos aviones militares estadounidenses abandonaron Pakistán con personal y equipamiento de seguridad, lo que reforzó la percepción de un freno en las gestiones directas.
En tanto, el canciller pakistaní, Ishaq Dar, anunció el levantamiento de restricciones en la zona de alta seguridad de Islamabad, donde se habían realizado contactos entre ambas delegaciones. Sus declaraciones sugieren que no hay perspectivas inmediatas de nuevas negociaciones cara a cara.
Sin embargo, Pakistán continúa actuando como mediador, transmitiendo mensajes entre Washington y Teherán. Funcionarios locales aseguran que los contactos indirectos siguen en curso, aunque sin señales claras de un avance concreto.
En medio de este escenario, Trump también afirmó que existe “confusión interna” en el liderazgo iraní, mientras que desde Teherán niegan divisiones y aseguran que el país mantiene una posición unificada.
Agencias AP y Reuters
Otras noticias de Donald Trump
""Profesor del mes"". Quién es Cole Tomas Allen, el hombre que abrió fuego en la gala que encabezó Trump
Pagó un precio récord. Peter Thiel compró una casa en el barrio más exclusivo de Buenos Aires enfrente de Susana Giménez
Minuto a minuto. Guerra de Estados Unidos e Israel contra Irán, en vivo: rige el alto al fuego
- 1
Cómo las zonas prohibidas de Chernóbil y entre las dos Coreas se convirtieron en un santuario de la vida silvestre
- 2
Trump cancela a último momento el viaje a Pakistán tras el desplante de Irán: “No vamos a hablar de la nada”
- 3
Estados Unidos planta bandera en Brasil y disputa con China el control de minerales clave
- 4
Un ataque bomba deja 14 muertos y expone la escalada de violencia en la antesala electoral en Colombia",lanacion
9,2026-04-25,La Nación,Redacción,Trump cancela a último momento el viaje a Pakistán tras el desplante de Irán: “No vamos a hablar de la nada”,"Trump cancela a último momento el viaje a Pakistán tras el desplante de Irán: “No vamos a hablar de la nada”
El canciller iraní, Abbas Araghchi, dejó Islamabad y marcó diferencias con la posición de EE.UU.; señaló que sus reclamos serán transmitidos a través del mediador paquistaní
- 6 minutos de lectura'
ISLAMABAD.- El presidente Donald Trump confirmó este sábado que suspendió a último momento el viaje que sus enviados tenían previsto a Pakistán para retomar las negociaciones con Irán, mientras los iraníes también se desentendían de la cumbre.
Las negociaciones debían dar seguimiento a las históricas conversaciones cara a cara a principios de este mes entre Estados Unidos, encabezadas por el vicepresidente JD Vance, e Irán, encabezadas por el presidente del Parlamento Mohammad Bagher Qalibaf.
Las declaraciones de Trump se dieron al parecer después de que el canciller iraní, Abbas Araghchi, decidiera abandonar la capital paquistaní sin esperar a la comitiva estadounidense, evitando así las conversaciones directas con Washington.
“No van a seguir haciendo vuelos de 18 horas para sentarse a hablar de nada“, sentenció el mandatario republicano en un intento por justificar su marcha atrás y la cancelación del viaje de sus negociadores, Steve Witkoff y Jared Kushner.
“Hace un rato les dije a los míos que se estaban preparando para salir: ‘No, no van a hacer un vuelo de 18 horas para ir allí. Nosotros tenemos todas las cartas”, insistió en una entrevista con Fox News. En un posteo en su red Truth Social añadió que en Irán “hay una tremenda lucha interna y confusión dentro de su liderazgo’”.
Trump dijo más tarde a periodistas que, unos diez minutos de que canceló el viaje de los emisarios a Pakistán, Irán envió una propuesta “mucho mejor”, sin dar detalles. Subrayó que una de sus condiciones es que Irán “no tendrá un arma nuclear”.
Entre los puntos polémicos figuran el uranio enriquecido de Irán y el enfrentamiento en torno al estrecho de Ormuz, así como las preocupaciones sobre el programa de misiles de Irán y su apoyo a grupos armados en la región.
Durante semanas, Trump ha oscilado entre amenazas de desatar ataques importantes contra la infraestructura de Irán -en un momento dado, llegó a amenazar con acabar con “toda una civilización”- e intentos de negociar un acuerdo sobre su programa nuclear y otras disputas que se remontan a décadas.
Combates en pausa
El último esfuerzo por negociar un acuerdo en Islamabad se produce mientras el alto el fuego indefinido ha pausado la mayor parte de los combates, pero las repercusiones económicas siguen aumentando con los envíos globales de energía interrumpidos por el cierre prácticamente total del estrecho de Ormuz.
Los dichos de Trump se dieron luego que Araghchi abandonara Islamabad tras dejar un mensaje para Estados Unidos. Dijo que durante las reuniones con los paquistaníes había “compartido la postura de Irán respecto a un marco viable para poner fin de forma permanente a la guerra”. Y dijo que “está por verse si Estados Unidos es realmente serio” con la diplomacia.
Araghchi había llegado el viernes a Islamabad y esa misma noche se reunió con el canciller, Ishaq Dar, y con el jefe del Ejército, Asim Munir. Este sábado fue recibido por el el primer ministro, Shehbaz Sharif, en un encuentro del que también participaron Dar y Munir.
Frente a ellos expuso las demandas de Teherán y sus reservas frente a la postura de Estados Unidos, como expresó en distintos posteos en redes sociales.
En esa línea, explicó “las posiciones de principios” de Irán frente a los últimos acontecimientos sobre el alto el fuego y al fin completo de la guerra contra el país.
Araghchi no brindó más detalles, aunque aseguró que Teherán seguirá participando en los esfuerzos de mediación encabezados por Pakistán “hasta que se logre un resultado”.
Según informó más tarde la prensa estatal iraní, Araghchi viajó a Omán, un mediador en las conversaciones antes de la guerra y el país al otro lado del estrecho de Ormuz, pero estaría viajando de nuevo este domingo a Pakistán. Luego viajaría a Rusia.
Araghchi volvería a Pakistán para retomar las conversaciones, según la información, aunque no estaba clara la intención dada la cancelación de la delegación de Washington. Según las mismas fuentes, parte de su comitiva había vuelto a Teherán para “obtener las instrucciones necesarias sobre las cuestiones relacionadas con el fin de la guerra”.
Consultada sobre las reservas de Teherán respecto de la actitud de Washington, una fuente diplomática iraní señaló que en principio Teherán “no aceptará exigencias maximalistas”.
Frente a ese escenario, la Cancillería iraní indicó que cualquier conversación sería indirecta y que los funcionarios paquistaníes transmitirían los mensajes.
La advertencia de Irán
El Ejército iraní lanzó al mismo tiempo una dura advertencia a Estados Unidos al asegurar que responderá si este mantiene el bloqueo de los puertos iraníes, porque lo considera “bandolerismo” y “piratería”.
“Si el Ejército invasor estadounidense continúa con el bloqueo, el bandolerismo y la piratería en la región, deben saber que se expone a una respuesta de las poderosas Fuerzas Armadas de Irán”, afirmó el mando central militar, Jatam Al Anbiya, citado por la televisión estatal.
“Estamos preparados y determinados, mientras vigilamos el comportamiento y los movimientos de los enemigos”, sentenció.
Washington y Teherán se encuentran en un punto muerto, ya que Irán ha cerrado en gran medida el estrecho de Ormuz, por donde transita una quinta parte de los envíos mundiales de petróleo, mientras que Estados Unidos bloquea las exportaciones de petróleo iraní.
Las ocho semanas que van de la guerra han disparado los precios de la energía a máximos de varios años, avivando la inflación y ensombreciendo las perspectivas de crecimiento mundial.
“Los altos el fuego no arreglan nada; solo evitan que las cosas empeoren”, afirmó Michael Ratney, exembajador de Estados Unidos en Arabia Saudita. “Son parte de una respuesta a un problema político inmediato, que es que (Trump) necesita salir de la guerra y no logra encontrar cómo hacerlo”, añadió.
Jon Alterman, presidente del área de Seguridad Global y Geoestrategia del Centro de Estudios Estratégicos e Internacionales, sostuvo que los antecedentes de Trump muestran que sus instintos se inclinan por acaparar titulares y anunciar resultados rápidos.
Los dirigentes iraníes parecen haber concluido que pueden resistir el bloqueo durante más tiempo del que Trump puede soportar el alza de los precios de la gasolina y una guerra impopular, especialmente con las elecciones legislativas de mitad de mandato en Estados Unidos, que se realizarán a finales de este año.
Agencias AFP, Reuters y AP
- 1
Cómo las zonas prohibidas de Chernóbil y entre las dos Coreas se convirtieron en un santuario de la vida silvestre
- 2
Trump cancela a último momento el viaje a Pakistán tras el desplante de Irán: “No vamos a hablar de la nada”
- 3
Estados Unidos planta bandera en Brasil y disputa con China el control de minerales clave
- 4
Un ataque bomba deja 14 muertos y expone la escalada de violencia en la antesala electoral en Colombia",lanacion
10,2026-04-23,La Nación,Redacción,¿Funcionará en Irán la herramienta favorita de Trump?,"¿Funcionará en Irán la herramienta favorita de Trump?
Expertos advierten que el bloqueo naval enfrenta límites estructurales en Medio Oriente
- 6 minutos de lectura'
WASHINGTON.– El presidente estadounidense Donald Trump ha recurrido a bloqueos navales para presionar a los gobiernos de Venezuela, Cuba y ahora Irán para que cumplan sus exigencias, pero su táctica preferida se enfrenta a una realidad muy distinta en Medio Oriente que en el Caribe.
A diferencia de Cuba o Venezuela, Irán estranguló una ruta comercial crucial para los envíos de energía, lo que significa que cuanto más se prolongue el enfrentamiento, más sufrirá la economía mundial.
Teherán también plantea una amenaza militar mayor -más allá de la que representan los adversarios de Estados Unidos en su hemisferio- y requiere una presencia militar sostenida lejos de las costas estadounidenses.
La influencia de Irán sobre el estrecho de Ormuz le da poder durante un frágil alto el fuego porque los crecientes riesgos económicos -en especial el aumento de los precios de la gasolina en Estados Unidos en un año electoral- podrían obligar al gobierno republicano de Trump a poner fin a su bloqueo de los puertos y la costa de Irán, según expertos.
“Ahora realmente la cuestión es qué país, Estados Unidos o Irán, tiene una mayor tolerancia al dolor”, explicó Max Boot, historiador militar e investigador principal de estudios de seguridad nacional en el Consejo de Relaciones Exteriores.
“Grandes diferencias”
La eficacia de la táctica de presión de Trump -usar la marina más poderosa del mundo para bloquear el comercio del petróleo sancionado de Irán y otros bienes- es muy debatida. Pero ciertamente parece estar intensificándose a medida que la guerra se prolonga.
El ejército estadounidense anunció el jueves la incautación de otro petrolero asociado con el contrabando de petróleo iraní, un día después que la Guardia Revolucionaria paramilitar de Irán tomara el control de dos embarcaciones en la crucial vía marítima.
Trump también señaló que ha ordenado al ejército estadounidense “disparar y matar” a las pequeñas embarcaciones iraníes que estén colocando minas marinas en el estrecho.
Pero la situación en Irán no es exactamente análoga a lo que está ocurriendo con las operaciones estadounidenses en Venezuela y Cuba.
Algunos expertos sostienen que el éxito de Trump en Venezuela probablemente tuvo más que ver con la incursión militar de Estados Unidos que capturó al entonces líder Nicolás Maduro que con buques de guerra estadounidenses incautando petroleros con crudo sancionado para tomar control del país sudamericano.
Por su parte, un embargo petrolero estadounidense sobre Cuba ha provocado la crisis económica más grave de la isla en décadas.
Aunque funcionarios de Estados Unidos y Cuba se han reunido recientemente en la isla para conversaciones poco frecuentes, el estrangulamiento financiero no ha logrado el objetivo declarado del gobierno de Trump de un cambio de liderazgo.
“Sí pienso que el éxito de la misión contra Maduro en Venezuela probablemente ha envalentonado al presidente”, indicó Todd Huntley, director del Programa de Derecho de Seguridad Nacional de la Universidad de Georgetown.
Eso no hace que las situaciones en Venezuela e Irán sean similares, geográfica, militar o políticamente.
“Hay algunas diferencias importantes”, explicó Huntley, capitán retirado de la Marina y exabogado general del cuerpo jurídico militar.
Aunque el bloqueo contra Irán ha asestado un golpe severo a su economía, incluido impedir que cargueros importen diversos suministros, el país aún ha podido mover parte de su petróleo sancionado, según empresas de seguimiento de buques.
Irán, además, ha rechazado las exigencias de Trump de reabrir el estrecho de Ormuz, por donde normalmente fluye el 20% del petróleo mundial, y esta semana ha vuelto a disparar contra barcos.
El estancamiento de los envíos a través del estrecho ha hecho que los precios de la gasolina se disparen muy por encima de la región y han elevado el costo de los alimentos y de una amplia gama de productos, creando un problema político para Trump de cara a las elecciones de noviembre.
“Los bloqueos suelen ser solo una herramienta de un mecanismo utilizado en un conflicto”, explicó Salvatore Mercogliano, profesor de historia marítima en la Universidad Campbell en Carolina del Norte.
“Pueden ser importantes. Pero es sólo un elemento. Y no creo que vaya a ser suficiente para convencer a los iraníes”.
Dudan de la eficacia del bloqueo de EE.UU.
El almirante Brad Cooper, jefe del Comando Central de Estados Unidos, afirmó la semana pasada que “ningún barco ha eludido a las fuerzas estadounidenses”. El mando que supervisa Oriente Medio dijo que, hasta el miércoles, ha ordenado a 31 barcos dar la vuelta o regresar a puerto.
Los grupos de transporte marítimo mercante se muestran escépticos.
Lloyd’s List Intelligence indicó que “un flujo constante de tráfico de flota fantasma” ha entrado y salido del golfo Pérsico, incluidos 11 petroleros con carga iraní que han salido del golfo de Omán, fuera del estrecho, desde el 13 de abril.
La firma de inteligencia marítima Windward señaló esta semana que el tráfico iraní sigue fluyendo “mediante engaño”.
Mercogliano dijo que los barcos iraníes tienen varias formas de escabullirse del bloqueo, entre ellas falsificar sus datos de rastreo de ubicación o viajar por aguas territoriales de Pakistán.
También observó que el enorme volumen de tráfico marítimo que el ejército necesita examinar es una tarea difícil.
Bloqueos requieren paciencia para funcionar
La última vez que Estados Unidos montó un bloqueo similar al centrado en barcos iraníes fue durante el gobierno de Kennedy a comienzos de la década de 1960, cuando Estados Unidos impuso un bloqueo a Cuba, dijo Huntley.
“Y ni siquiera se le llamó bloqueo”, añadió. “Lo llamamos cuarentena”.
Algunos bloqueos navales a lo largo de la historia han tenido impacto, como el bloqueo del Reino Unido a Alemania durante la Primera Guerra Mundial.
“Pero tienden a ser impactos de muy largo plazo, mientras que Trump busca resultados rápidos y de corto plazo”, según Boot, el historiador militar.
Boot sostuvo que Trump probablemente vio el bloqueo a los petroleros con crudo sancionado vinculados a Venezuela como un factor de gran peso en el éxito de los cambios de liderazgo en ese país. Pero Boot afirmó que tuvo más que ver con que Estados Unidos derrocara a Maduro y con la cooperación posterior de su vicepresidenta y ahora presidenta interina, Delcy Rodríguez.
“No hay una Delcy Rodríguez en Cuba o Irán”, manifestó Boot. “Creo que su éxito en Venezuela lo confundió, al pensar que esto era una plantilla que podía replicarse en otros lugares. Lo ve como un enorme éxito a muy bajo costo. Y, de hecho, resulta ser un conjunto único de circunstancias”.
- 1
Cómo las zonas prohibidas de Chernóbil y entre las dos Coreas se convirtieron en un santuario de la vida silvestre
- 2
Trump cancela a último momento el viaje a Pakistán tras el desplante de Irán: “No vamos a hablar de la nada”
- 3
Estados Unidos planta bandera en Brasil y disputa con China el control de minerales clave
- 4
Un ataque bomba deja 14 muertos y expone la escalada de violencia en la antesala electoral en Colombia",lanacion
